Energy Transfer,RIXS
-1.1499999999996362,5.749080073482088e-07
-0.8999999999996362,1.8845962758964142e-06
-0.8500000000003638,4.937024768875209e-06
-0.6499999999996362,2.640261867644933e-06
-0.6000000000003638,8.693563072204817e-06
-0.3999999999996362,5.7776169664920375e-06
-0.25,5.333763028768914e-06
0.1000000000003638,2.153909682622348e-05
0.3500000000003638,2.8293242562415695e-05
0.6000000000003638,2.5401573249959365e-05
0.8500000000003638,1.536660120362083e-05
