Energy Transfer,RIXS
-2.25,4.836642251920662e-06
-1.1499999999996362,5.688555978717975e-07
