Energy Transfer,RIXS
12.25,2.0518292057369144e-07
12.5,1.398420972958384e-07
13.0,2.9257851733093425e-07
13.25,2.0050731997541413e-07
13.5,2.0073724768958954e-07
