Energy Transfer,RIXS
13.0,4.264904260797315e-07
13.25,2.799097766816822e-07
13.75,2.377516738632269e-07
