Energy Transfer,RIXS
11.0,2.6867445506498765e-07
11.25,3.03439543242259e-07
11.350000000000366,1.3878321538346118e-07
11.600000000000366,2.1814624556032724e-07
11.75,1.644441581897987e-07
12.0,4.1907404969219726e-07
12.25,2.1732035542978167e-07
12.549999999999272,2.1991390810325575e-07
12.799999999999272,2.6273174872088275e-07
13.299999999999272,3.006428451424075e-07
13.549999999999272,4.0160324605576856e-07
