Energy Transfer,RIXS
-1.1499999999996362,7.802576098524689e-07
-0.8999999999996362,1.650088491605663e-06
-0.6499999999996362,3.6301946815324594e-06
