Energy Transfer,RIXS
13.25,2.3690750420313395e-07
13.5,1.866316060531536e-07
