Energy Transfer,RIXS
-1.25,2.528891966297176e-05
-0.8999999999996362,1.987983500676149e-06
-0.6499999999996362,4.212320618415278e-06
-0.3999999999996362,7.382602438064725e-06
-0.1499999999996362,1.1646409193675415e-05
