Energy Transfer,RIXS
-1.5,2.0920801931183608e-05
-1.1499999999996362,6.901421661492169e-07
-0.8999999999996362,1.867435498062835e-06
-0.6499999999996362,3.6205750504516867e-06
-0.3999999999996362,7.063439928578305e-06
