Energy Transfer,RIXS
12.75,2.851643259428246e-07
13.0,1.3859483684338614e-07
13.25,1.7905804011186592e-07
13.5,1.8369242907061274e-07
13.75,2.013982236456967e-07
