Energy Transfer,RIXS
12.5,2.8425106949464896e-07
12.75,1.6323681630095908e-07
13.25,2.012012629952009e-07
13.5,1.457258339661781e-07
13.75,2.846816711323173e-07
