Energy Transfer,RIXS
-1.1499999999996362,5.010199315485475e-07
-0.8999999999996362,1.650088491605663e-06
