Energy Transfer,RIXS
-2.0,8.374943703066976e-06
-1.1499999999996362,6.108175173986554e-07
-0.8999999999996362,1.7994139308827115e-06
