Energy Transfer,RIXS
-1.1499999999996362,5.749080073482088e-07
-1.1000000000003638,2.169343485429135e-06
-0.8999999999996362,8.021060916715106e-07
-0.8500000000003638,4.937024768875209e-06
-0.6499999999996362,2.640261867644933e-06
-0.5,1.1298477265307186e-05
-0.1499999999996362,1.3912143172697895e-05
0.1000000000003638,2.2699092622925494e-05
0.3500000000003638,2.498915449795436e-05
0.6000000000003638,2.1231774484816805e-05
