Energy Transfer,RIXS
-1.1499999999996362,5.010199315485475e-07
