Energy Transfer,RIXS
10.75,2.535133383666294e-07
11.0,3.929992682353625e-07
11.25,2.784600047895121e-07
11.5,2.0189978520616034e-07
11.75,3.1120989767565017e-07
12.0,3.1894052121864293e-07
12.25,2.7181441120866954e-07
12.799999999999272,3.650416347647754e-07
13.049999999999272,5.148654984901126e-07
13.549999999999272,3.2156652588596987e-07
