Energy Transfer,RIXS
-1.1499999999996362,1.700649556295429e-07
-0.8999999999996362,1.4105690839307463e-06
-0.6499999999996362,4.096408637611675e-06
-0.3999999999996362,7.747112101649619e-06
-0.1499999999996362,1.3274646190121945e-05
0.1000000000003638,1.4989950926912061e-05
0.3500000000003638,1.9022220131230086e-05
