Energy Transfer,RIXS
12.0,2.2108416516250482e-07
12.25,3.0315408741606683e-07
12.350000000000366,2.577747236099756e-07
12.75,1.6448788752318252e-07
13.0,2.0042671941800746e-07
13.25,3.0110587153438433e-07
13.549999999999272,5.479381198139028e-08
