Energy Transfer,RIXS
-1.3500000000003638,6.970645154283072e-07
-1.1499999999996362,3.07148172390734e-07
-1.1000000000003638,2.169343485429135e-06
-0.8999999999996362,8.021060916715106e-07
-0.75,1.7971298554776294e-05
-0.3999999999996362,7.326782646922345e-06
-0.1499999999996362,1.3732276295248575e-05
0.1000000000003638,2.01404468367195e-05
0.3500000000003638,2.122427657350836e-05
