Energy Transfer,RIXS
11.5,3.155818540433925e-07
11.75,1.6323681630095908e-07
11.850000000000366,1.9818224077842181e-07
12.100000000000366,3.95835431261119e-08
12.25,2.560743347211648e-07
12.5,2.1908767801238985e-07
12.75,3.6796918559136366e-07
13.049999999999272,2.740058738091157e-07
13.299999999999272,1.3911188653107125e-07
