Energy Transfer,RIXS
13.25,1.9008410429597994e-07
13.5,1.849408321107589e-07
13.75,1.3936085766016465e-07
