Energy Transfer,RIXS
-1.3500000000003638,7.997922422034371e-07
-1.1499999999996362,4.837927664009267e-07
-0.8999999999996362,1.0020374988926636e-06
-0.6499999999996362,3.530008340723111e-06
-0.3999999999996362,7.368599918607064e-06
-0.1499999999996362,1.3512638213670574e-05
0.1000000000003638,2.0674055339999275e-05
0.3500000000003638,1.9022220131230086e-05
0.6000000000003638,2.0006887067338365e-05
