Energy Transfer,RIXS
11.75,2.2090729783037483e-07
12.0,2.0987590667266168e-07
12.100000000000366,3.95835431261119e-08
12.350000000000366,2.577747236099756e-07
12.5,1.829832863066288e-07
12.75,1.8257306501032488e-07
13.0,2.0081763905830787e-07
13.299999999999272,1.6449193704389123e-07
13.549999999999272,1.2370465760406346e-07
