Energy Transfer,RIXS
-1.1499999999996362,6.73475124965903e-07
-0.8999999999996362,1.699822298393668e-06
-0.6499999999996362,3.6301946815324594e-06
-0.3999999999996362,6.678659215605995e-06
