Energy Transfer,RIXS
-1.1499999999996362,5.559439637367904e-07
-0.8999999999996362,1.6499478175441333e-06
-0.6499999999996362,3.8960654414320064e-06
-0.3999999999996362,6.678659215605995e-06
-0.1499999999996362,1.1037107110140005e-05
