Energy Transfer,RIXS
12.75,1.7352374672473927e-07
13.0,6.997744417042058e-08
13.5,2.3784660997684197e-07
13.75,1.2762978435744565e-07
