Energy Transfer,RIXS
-1.75,1.3601359137648876e-05
-1.1499999999996362,6.714608015373651e-07
-0.8999999999996362,1.7731507131661164e-06
-0.6499999999996362,3.4693264270961707e-06
