Energy Transfer,RIXS
11.25,3.470012389521509e-07
11.5,1.8653129344576133e-07
11.600000000000366,2.1814624556032724e-07
11.850000000000366,1.9818224077842181e-07
12.0,2.9246179717774364e-07
12.25,2.1873525815499725e-07
12.5,2.676853835465605e-07
12.799999999999272,3.2898387408778247e-07
13.049999999999272,1.5461013007118327e-07
13.549999999999272,2.648819977188362e-07
