Energy Transfer,RIXS
-1.3500000000003638,6.970645154283072e-07
-1.1499999999996362,3.07148172390734e-07
-1.0,2.3443972734347124e-05
-0.6499999999996362,4.6528175630233536e-06
-0.3999999999996362,7.514273797236745e-06
-0.1499999999996362,1.2599409305737336e-05
0.1000000000003638,1.6421805253811494e-05
