Energy Transfer,RIXS
13.5,1.424105839545995e-07
13.75,9.249506168865645e-08
