Energy Transfer,RIXS
-1.3500000000003638,7.997922422034371e-07
-1.1499999999996362,4.837927664009267e-07
-1.1000000000003638,3.6196661633607048e-06
-0.8999999999996362,1.6439423922661438e-06
-0.6499999999996362,2.564880651941704e-06
-0.3999999999996362,6.208317559860568e-06
-0.1499999999996362,1.3085858927505805e-05
0.1000000000003638,2.2271210609448024e-05
0.3500000000003638,2.6436557875941893e-05
0.6000000000003638,2.0006887067338365e-05
0.8500000000003638,1.6252333733547053e-05
