Energy Transfer,RIXS
13.5,1.7389462302017018e-07
13.75,1.39898470084321e-07
