Energy Transfer,RIXS
13.0,2.8539355771609047e-07
13.25,2.3108368055389465e-07
13.5,2.1873132332768765e-07
13.75,1.835942896668085e-07
