Energy Transfer,RIXS
-1.1499999999996362,3.576301215118933e-07
-0.8999999999996362,1.709587002831714e-06
-0.6499999999996362,3.7968733435754187e-06
-0.3999999999996362,7.973163983954436e-06
-0.1499999999996362,1.1037107110140005e-05
0.1000000000003638,1.4989950926912061e-05
