Energy Transfer,RIXS
10.25,2.685668561642808e-07
10.5,3.4960524323959605e-07
10.600000000000364,2.7723281726840447e-07
10.850000000000362,3.3718020242871297e-07
11.0,3.106167432473975e-07
11.25,2.549177642575869e-07
11.5,4.18258411791501e-07
11.799999999999272,2.7415322840648546e-07
12.049999999999272,2.628020542463633e-07
12.549999999999272,4.771073300649714e-07
12.799999999999272,1.721616356732682e-07
13.049999999999272,3.585702105059842e-07
13.299999999999272,4.937768422822804e-07
