Energy Transfer,RIXS
10.75,3.1579238229825804e-07
11.0,1.1669181958837896e-07
11.100000000000362,3.3695484472090075e-07
11.350000000000366,1.3878321538346118e-07
11.5,2.3787827219861736e-07
11.75,2.187059410047285e-07
12.0,4.5153830068276605e-07
12.299999999999272,2.1964741757236447e-07
12.549999999999272,3.090548353676481e-07
13.049999999999272,2.826544503413229e-07
13.299999999999272,1.7220761901612965e-07
13.549999999999272,4.2646783576170943e-07
