Energy Transfer,RIXS
10.5,2.83947949185937e-07
10.75,3.733134021307936e-07
10.850000000000362,3.3718020242871297e-07
11.100000000000362,3.3695484472090075e-07
11.25,1.6461921517789165e-07
11.5,2.735657567456209e-07
11.75,4.5177937825921173e-07
12.049999999999272,4.3846831616985643e-07
12.299999999999272,1.7000289623115946e-07
12.799999999999272,4.4141083377562715e-07
13.049999999999272,2.2951820427940703e-07
13.299999999999272,2.7330661442319625e-07
13.549999999999272,3.887471964259007e-07
