Energy Transfer,RIXS
10.5,3.4825445369957035e-07
10.75,4.85469684290742e-07
11.0,2.982699863559377e-07
11.25,1.2861907668958385e-07
11.5,2.930612474562284e-07
11.75,2.8552076501829147e-07
12.0,5.432667411449151e-07
12.149999999999634,2.9458707110060524e-07
12.549999999999272,3.8854084721096246e-07
12.799999999999272,3.7273318321060647e-07
13.299999999999272,3.047638449304668e-07
13.549999999999272,3.537857337742541e-07
